symbol,publishDate,novelty
TKFEN,2020-01-20 18:12:20,0.0
TKFEN,2020-01-28 14:53:47,0.43041895776244155
TKFEN,2020-01-28 15:57:05,0.11507132263130504
TKFEN,2020-02-18 16:51:42,0.44641088427398423
TKFEN,2020-02-20 20:38:29,0.3241777412942115
TKFEN,2020-02-20 20:38:53,0.22249670494589724
TKFEN,2020-02-20 20:42:03,0.16547843711241583
TKFEN,2020-02-20 20:48:50,0.1893738811350032
TKFEN,2020-02-20 21:21:35,0.21163282848439946
TKFEN,2020-02-28 10:02:54,0.3428172514188257
TKFEN,2020-03-02 09:13:01,0.17003186815853377
TKFEN,2020-03-02 16:33:10,0.33255538984702404
TKFEN,2020-03-03 16:28:42,0.19421903401355944
TKFEN,2020-03-03 16:46:22,0.2958772307996358
TKFEN,2020-03-09 16:50:36,0.2270872787118351
TKFEN,2020-03-13 12:33:21,0.284615482358477
TKFEN,2020-03-13 15:22:44,0.247360988237731
TKFEN,2020-03-17 11:55:36,0.27163726297096424
TKFEN,2020-03-17 12:13:26,0.22109010702805298
TKFEN,2020-03-18 09:14:55,0.17271511862058997
TKFEN,2020-03-19 18:34:05,0.2870435101646057
TKFEN,2020-03-24 09:02:33,0.1606712768959
TKFEN,2020-03-26 17:12:40,0.19247976808148848
TKFEN,2020-03-26 17:32:24,0.2099591895823325
TKFEN,2020-03-26 20:20:43,0.2727937056026295
TKFEN,2020-03-27 11:41:02,0.2342573125948102
TKFEN,2020-04-08 21:16:43,0.16198168752397335
TKFEN,2020-04-10 12:53:44,0.2901760133298953
TKFEN,2020-04-24 11:59:14,0.19054433378351487
TKFEN,2020-04-24 16:55:45,0.2342510394073094
TKFEN,2020-04-27 09:13:28,0.2911901605678888
TKFEN,2020-04-29 09:10:34,0.1565697420372596
TKFEN,2020-04-29 09:12:07,0.14365832094133668
TKFEN,2020-04-29 09:18:33,0.1326416197828829
TKFEN,2020-04-29 16:58:50,0.2473058483205901
TKFEN,2020-05-02 15:38:32,0.20562800623202637
TKFEN,2020-05-05 18:24:54,0.2679685889663401
TKFEN,2020-05-05 18:25:14,0.21074177444985542
TKFEN,2020-05-05 18:25:33,0.1656395289987016
TKFEN,2020-05-12 09:08:12,0.1395224083118507
TKFEN,2020-06-09 21:12:28,0.31195895451455313
TKFEN,2020-06-19 08:54:39,0.31996119757704
TKFEN,2020-06-19 18:32:05,0.28154389823374537
TKFEN,2020-07-07 18:18:03,0.2544829964708588
TKFEN,2020-07-09 17:48:28,0.2581572009920009
TKFEN,2020-07-27 17:53:02,0.2649475956720537
TKFEN,2020-07-28 17:27:00,0.24673963750578953
TKFEN,2020-07-28 18:22:29,0.2026055095651833
TKFEN,2020-07-28 18:22:58,0.2050075124099815
TKFEN,2020-07-28 18:23:31,0.16121793435010623
TKFEN,2020-07-28 18:45:23,0.2984368320587164
TKFEN,2020-07-29 10:07:05,0.24027825065799857
TKFEN,2020-08-04 16:35:57,0.23002990629192488
TKFEN,2020-08-06 13:06:45,0.22034464274151266
TKFEN,2020-08-25 17:41:10,0.21118828977823834
TKFEN,2020-09-18 18:22:50,0.2923870871393406
TKFEN,2020-09-23 16:59:05,0.19633389095261078
TKFEN,2020-09-24 09:14:14,0.22922591033914363
TKFEN,2020-09-25 15:58:01,0.20066959829387265
TKFEN,2020-09-28 17:44:48,0.23880257330690813
TKFEN,2020-10-13 11:24:25,0.2725377749572492
TKFEN,2020-10-14 09:05:36,0.16682822860400437
TKFEN,2020-10-15 17:46:43,0.2592091469817086
TKFEN,2020-10-22 18:14:12,0.25169303909626195
TKFEN,2020-10-22 18:15:22,0.2008734319014719
TKFEN,2020-10-22 18:16:01,0.16884402580006164
TKFEN,2020-10-26 15:55:25,0.2175794401657496
TKFEN,2020-11-02 12:15:19,0.26384244464258355
TKFEN,2020-12-02 09:40:34,0.2128513471712934
TKFEN,2020-12-02 18:05:53,0.15897946572494714
TKFEN,2020-12-02 18:13:01,0.208918390080447
TKFEN,2020-12-03 10:00:25,0.28632922197510724
TKFEN,2020-12-03 14:14:29,0.1549923954695862
TKFEN,2020-12-03 20:27:19,0.19970284718125675
TKFEN,2020-12-07 06:59:20,0.1917068425351256
TKFEN,2020-12-07 21:31:27,0.19951591636955623
TKFEN,2020-12-08 16:23:57,0.19171772199464943
TKFEN,2020-12-09 15:46:46,0.18728265014030776
TKFEN,2020-12-09 17:55:50,0.2745133594326108
TKFEN,2020-12-25 16:16:54,0.2702862793040268
TKFEN,2021-01-04 16:49:32,0.21993277916000253
TKFEN,2021-01-05 09:09:55,0.26928012750471453
TKFEN,2021-01-07 16:47:38,0.2488133951220206
TKFEN,2021-01-13 12:49:41,0.24673329135324262
TKFEN,2021-01-19 15:23:37,0.2519843215985603
TKFEN,2021-01-27 17:59:00,0.23303407216294958
TKFEN,2021-02-16 17:02:20,0.22695720131759867
TKFEN,2021-02-19 18:16:07,0.25642715593623233
TKFEN,2021-02-25 17:20:04,0.24689462989605937
TKFEN,2021-02-25 21:50:36,0.22525149870753114
TKFEN,2021-02-25 21:51:13,0.22827888728659995
TKFEN,2021-02-25 21:56:11,0.18368130309975017
TKFEN,2021-02-25 22:07:25,0.17997379647658862
TKFEN,2021-02-25 22:36:01,0.15944530297802928
TKFEN,2021-03-15 18:35:33,0.27171086751143925
TKFEN,2021-03-16 17:25:24,0.25135213763589825
TKFEN,2021-03-25 20:07:37,0.17851007360020743
TKFEN,2021-03-25 20:13:17,0.18190912430637396
TKFEN,2021-03-25 21:19:54,0.26021545542192304
TKFEN,2021-04-20 11:48:23,0.25946744521768716
TKFEN,2021-04-24 20:20:58,0.16772876781079304
TKFEN,2021-04-29 18:10:47,0.23542900881156326
TKFEN,2021-04-29 18:11:03,0.19171777951698166
TKFEN,2021-04-29 18:11:31,0.15720211521333582
TKFEN,2021-05-28 18:20:25,0.2407696801284468
TKFEN,2021-06-17 16:03:04,0.2220196979439456
TKFEN,2021-06-22 18:10:41,0.2821714200541101
TKFEN,2021-06-24 17:20:03,0.24602500750530887
TKFEN,2021-07-08 10:03:43,0.17572424666443354
TKFEN,2021-08-12 18:49:40,0.19043351779805084
TKFEN,2021-08-12 18:50:29,0.19403781279896715
TKFEN,2021-08-12 18:51:24,0.1500852677870782
TKFEN,2021-08-27 16:01:25,0.21685733728044077
TKFEN,2021-10-26 18:30:46,0.2113289105310161
TKFEN,2021-10-26 18:30:57,0.17509673766143163
TKFEN,2021-10-26 18:31:07,0.14926088761832268
TKFEN,2021-11-05 21:09:42,0.22080465062890997
TKFEN,2021-11-29 16:02:05,0.1837681232624978
TKFEN,2021-11-29 16:12:57,0.1690513554228592
TKFEN,2021-11-29 16:28:55,0.16649367629610112
TKFEN,2021-11-30 16:30:52,0.1632740591004883
TKFEN,2021-12-08 17:19:02,0.26139575075719623
TKFEN,2021-12-13 15:45:54,0.22223517708869345
TKFEN,2021-12-17 16:06:17,0.25142178330789977
TKFEN,2021-12-17 16:24:16,0.24693033883677018
TKFEN,2021-12-21 10:01:02,0.24254176354290036
TKFEN,2021-12-23 11:10:52,0.23825351233942516
TKFEN,2021-12-28 17:12:57,0.23406309290634064
TKFEN,2022-01-18 17:14:19,0.2299680658693939
TKFEN,2022-01-18 18:10:49,0.2787121206117523
TKFEN,2022-01-24 15:44:02,0.22616469820281115
TKFEN,2022-01-31 18:38:01,0.2604155880939055
TKFEN,2022-02-23 23:54:50,0.20293943316172047
TKFEN,2022-02-23 23:58:07,0.2080367822241962
TKFEN,2022-02-23 23:59:36,0.1636714126914678
TKFEN,2022-02-24 22:42:28,0.16412332889239512
TKFEN,2022-02-24 23:02:51,0.17468898790188225
TKFEN,2022-03-15 15:22:03,0.26286186498550546
TKFEN,2022-03-24 09:07:42,0.2511758669229306
TKFEN,2022-03-24 19:44:57,0.16401662908989834
TKFEN,2022-03-24 19:52:24,0.18636876921433643
TKFEN,2022-03-24 19:59:34,0.2754747850491943
TKFEN,2022-04-04 16:36:27,0.16825263761614007
TKFEN,2022-04-05 15:39:24,0.16757805650415314
TKFEN,2022-04-05 15:51:55,0.16334066411472392
TKFEN,2022-04-05 16:48:21,0.16104662106479195
TKFEN,2022-04-19 14:55:01,0.15056287251234268
TKFEN,2022-04-22 17:25:47,0.24548722051334038
TKFEN,2022-04-25 17:09:00,0.23083687142125264
TKFEN,2022-04-26 08:56:29,0.23451783128443848
TKFEN,2022-04-26 16:54:53,0.2345755640869449
TKFEN,2022-04-28 16:51:54,0.23782490449587879
TKFEN,2022-04-28 19:46:50,0.1742451093741847
TKFEN,2022-04-28 19:51:39,0.16466662521977404
TKFEN,2022-04-28 19:52:03,0.13975114709483183
TKFEN,2022-05-05 17:11:03,0.2705902349464244
TKFEN,2022-05-09 15:12:24,0.2566603043471052
TKFEN,2022-05-09 17:04:08,0.15897174114463697
TKFEN,2022-05-09 17:13:17,0.15195972477422504
TKFEN,2022-05-09 17:39:41,0.14902791441624674
TKFEN,2022-05-12 16:45:27,0.23648682506789775
TKFEN,2022-05-27 16:41:13,0.15223418015096535
TKFEN,2022-06-01 21:02:05,0.21319803686278982
TKFEN,2022-06-08 17:38:07,0.23431952950992663
TKFEN,2022-06-21 16:28:08,0.2642661853125995
TKFEN,2022-06-27 15:36:39,0.1498333821184733
TKFEN,2022-06-28 17:39:26,0.2324725668782498
TKFEN,2022-08-05 18:15:54,0.3006481716397995
TKFEN,2022-08-05 18:27:14,0.24030878410267897
TKFEN,2022-08-11 20:23:48,0.16408382254283882
TKFEN,2022-08-11 20:24:30,0.16639978998156013
TKFEN,2022-08-11 20:25:09,0.13682062545147966
TKFEN,2022-08-16 15:31:40,0.23225225896104074
TKFEN,2022-09-08 16:29:10,0.2973980503650653
TKFEN,2022-09-08 17:28:37,0.229751895782627
TKFEN,2022-09-13 17:37:11,0.22681006553880034
TKFEN,2022-09-19 15:21:56,0.278790721257941
TKFEN,2022-09-21 17:19:28,0.15340942295162452
TKFEN,2022-09-27 19:46:38,0.28768310277882936
TKFEN,2022-09-29 16:59:11,0.22537853168580724
TKFEN,2022-09-30 18:15:25,0.27577828185375086
TKFEN,2022-10-11 15:34:11,0.15692915381355987
TKFEN,2022-10-14 10:33:57,0.22309367123248902
TKFEN,2022-10-26 18:44:36,0.1729427754882198
TKFEN,2022-10-26 18:45:32,0.16431317338053952
TKFEN,2022-10-26 18:46:09,0.13994074388723476
TKFEN,2022-11-01 16:58:02,0.28142253318561006
TKFEN,2022-11-17 10:20:28,0.22302220649925952
TKFEN,2022-11-18 18:39:27,0.27000630507171686
TKFEN,2022-11-29 17:12:04,0.15339648197424838
TKFEN,2022-12-07 17:20:36,0.2211035358650355
TKFEN,2022-12-08 15:18:41,0.21956331908902993
TKFEN,2022-12-14 15:00:18,0.21886669404390313
TKFEN,2022-12-28 17:20:01,0.2163085823616835
TKFEN,2022-12-30 18:24:54,0.2076666936263275
TKFEN,2023-01-02 19:19:12,0.2902965638393481
TKFEN,2023-01-04 16:01:52,0.214249849547413
TKFEN,2023-01-05 11:09:56,0.21178893223869233
TKFEN,2023-01-05 12:01:47,0.1920991018587247
TKFEN,2023-01-06 10:39:56,0.21007318470991043
TKFEN,2023-01-09 11:29:52,0.20769124016307627
TKFEN,2023-01-10 17:41:24,0.20534498095272036
TKFEN,2023-01-11 10:39:31,0.2030338003367076
TKFEN,2023-01-12 13:07:31,0.20075710151839865
TKFEN,2023-01-25 14:06:18,0.19851429755538952
TKFEN,2023-01-27 15:08:33,0.19630481126405153
TKFEN,2023-02-01 14:18:03,0.1941280751202552
TKFEN,2023-02-01 17:13:05,0.191983531156664
TKFEN,2023-02-02 10:22:34,0.18987063085692846
TKFEN,2023-02-07 11:49:24,0.1877888350471295
TKFEN,2023-02-16 10:11:19,0.1857376137847725
TKFEN,2023-02-16 17:45:45,0.18371644624562222
TKFEN,2023-02-17 18:20:07,0.20701198071398919
TKFEN,2023-02-20 20:41:47,0.22943475081722342
TKFEN,2023-02-22 17:19:05,0.22010347184857637
TKFEN,2023-03-07 11:26:20,0.2730205594715547
TKFEN,2023-03-07 19:26:33,0.25193981068854865
TKFEN,2023-03-07 22:41:50,0.1915794677176036
TKFEN,2023-03-07 22:42:10,0.19010112734987406
TKFEN,2023-03-07 22:53:09,0.1531101766938764
TKFEN,2023-03-07 23:38:49,0.15345376590311233
TKFEN,2023-03-07 23:59:43,0.17431020180951773
TKFEN,2023-03-10 13:51:19,0.17417860452283418
TKFEN,2023-03-13 10:49:48,0.15882031033876742
TKFEN,2023-03-14 13:27:07,0.1731116655412812
TKFEN,2023-03-15 13:36:12,0.1907427606597487
TKFEN,2023-03-16 18:11:36,0.2654693432080747
TKFEN,2023-03-17 17:58:06,0.18912074477179375
TKFEN,2023-03-20 17:57:16,0.187221907858107
TKFEN,2023-03-22 18:13:47,0.16454931727687705
TKFEN,2023-03-27 14:48:39,0.19998375090507658
TKFEN,2023-04-07 20:30:00,0.15654727411035907
TKFEN,2023-04-07 20:57:08,0.18790349324543199
TKFEN,2023-04-07 21:10:47,0.22221881990649095
TKFEN,2023-04-11 16:59:25,0.26643106375190406
TKFEN,2023-04-12 09:23:19,0.2693933041106502
TKFEN,2023-04-14 16:39:12,0.2741610855063745
TKFEN,2023-04-25 09:19:33,0.1500600754989525
TKFEN,2023-04-25 17:13:46,0.19017797749029386
TKFEN,2023-04-26 18:10:31,0.27722607945483446
TKFEN,2023-04-27 16:59:09,0.29469263092955633
TKFEN,2023-04-27 19:36:43,0.19653199811419886
TKFEN,2023-04-27 19:41:31,0.17826676572884204
TKFEN,2023-04-27 19:41:55,0.15474766612124347
TKFEN,2023-05-02 09:21:24,0.17491588424012972
TKFEN,2023-05-02 17:20:40,0.19184072432553356
TKFEN,2023-05-09 12:54:13,0.22361144515955433
TKFEN,2023-05-09 17:03:48,0.2505518358526371
TKFEN,2023-05-10 09:20:57,0.264965737708186
TKFEN,2023-05-12 16:46:12,0.29734124072249
TKFEN,2023-05-23 08:01:32,0.29285859510760326
TKFEN,2023-06-06 14:30:35,0.29160005178911264
TKFEN,2023-06-12 17:54:51,0.1920735643122693
TKFEN,2023-06-19 17:38:26,0.19033585303097622
TKFEN,2023-06-19 22:52:38,0.23779822039849086
TKFEN,2023-06-23 16:51:03,0.23606959867465616
TKFEN,2023-07-17 15:57:58,0.2634667981937786
TKFEN,2023-07-21 18:02:04,0.28807502615086467
TKFEN,2023-07-24 17:26:20,0.19087851719503912
TKFEN,2023-08-04 15:57:44,0.2719828022345503
TKFEN,2023-08-04 16:23:10,0.20332269763945077
TKFEN,2023-08-09 20:55:27,0.16670792548901792
TKFEN,2023-08-09 20:56:04,0.1683326507912455
TKFEN,2023-08-09 20:56:33,0.14972414622950458
TKFEN,2023-08-10 12:19:45,0.1734983983584184
TKFEN,2023-08-10 16:14:51,0.19237880760539627
TKFEN,2023-08-18 17:35:42,0.19072376121013135
TKFEN,2023-08-24 16:00:03,0.18908776501023417
TKFEN,2023-08-29 16:34:47,0.26880606289516595
TKFEN,2023-08-29 16:34:59,0.2875142470079577
TKFEN,2023-08-29 16:36:07,0.22090072050523046
TKFEN,2023-09-18 17:44:37,0.18905858200925807
TKFEN,2023-09-21 21:25:23,0.26866800120928436
TKFEN,2023-09-22 08:18:58,0.20676764912980117
TKFEN,2023-09-26 18:54:20,0.14637171326764542
TKFEN,2023-10-12 16:51:15,0.1887566896741275
TKFEN,2023-10-19 18:11:44,0.15120391714441817
TKFEN,2023-10-20 17:28:54,0.18768853704715682
TKFEN,2023-10-24 11:28:30,0.3017688288083764
TKFEN,2023-10-25 15:46:48,0.18661087379715724
TKFEN,2023-10-31 17:45:50,0.18508066440595994
TKFEN,2023-11-09 18:51:10,0.19408816222261882
TKFEN,2023-11-09 18:51:26,0.17718604245641734
TKFEN,2023-11-09 18:51:41,0.1492002274868064
TKFEN,2023-11-16 18:05:14,0.1526190134564338
TKFEN,2023-11-17 18:20:56,0.16330743340537923
TKFEN,2023-11-17 18:40:45,0.14231457377472478
TKFEN,2023-11-17 18:45:49,0.14147120115613787
TKFEN,2023-11-23 17:44:15,0.18737268687929953
TKFEN,2023-12-06 17:09:56,0.18588733835581306
TKFEN,2023-12-07 10:11:37,0.1844177986802633
TKFEN,2023-12-07 15:01:31,0.21926480532172854
TKFEN,2023-12-08 17:27:43,0.18284986269186454
TKFEN,2023-12-11 17:48:57,0.18393971367772033
TKFEN,2023-12-15 19:35:09,0.2537045112926095
TKFEN,2023-12-18 15:35:02,0.18304203241518646
TKFEN,2023-12-19 13:51:21,0.18162240479237513
TKFEN,2023-12-19 16:06:35,0.17685095074357238
TKFEN,2023-12-21 18:19:52,0.1579998373390924
TKFEN,2023-12-22 18:15:18,0.2556665943578358
TKFEN,2023-12-25 17:18:10,0.18151111224714922
TKFEN,2024-01-02 08:26:22,0.23291475443973741
TKFEN,2024-01-04 18:50:24,0.1576493378756001
TKFEN,2024-01-12 13:58:38,0.20682419606433622
TKFEN,2024-01-17 10:51:53,0.19149263722174248
TKFEN,2024-01-31 10:35:12,0.13932203381568342
TKFEN,2024-02-01 14:19:25,0.15569766735337542
TKFEN,2024-02-21 20:29:19,0.1520189920048457
TKFEN,2024-02-23 20:00:31,0.15525128317749948
TKFEN,2024-02-27 19:11:44,0.15417801425915734
TKFEN,2024-03-01 13:53:23,0.2158531866280845
TKFEN,2024-03-01 17:39:21,0.2345488160448057
TKFEN,2024-03-05 18:13:14,0.26245460559090583
TKFEN,2024-03-07 16:51:57,0.32280311354366753
TKFEN,2024-03-12 21:04:23,0.15253186293797727
TKFEN,2024-03-21 18:13:54,0.3075016450099082
TKFEN,2024-03-21 19:19:45,0.19078836164997637
TKFEN,2024-04-06 22:23:53,0.16331512257069447
TKFEN,2024-04-17 23:56:14,0.1887991182844584
TKFEN,2024-04-17 23:56:40,0.18581288509901872
TKFEN,2024-04-17 23:58:59,0.1524136090173439
TKFEN,2024-04-17 23:59:24,0.15237251628887827
TKFEN,2024-04-17 23:59:40,0.1623579264723385
TKFEN,2024-04-30 19:04:30,0.2211772563506429
TKFEN,2024-05-03 18:46:02,0.25038823569061053
TKFEN,2024-05-07 19:36:04,0.14897817213227826
TKFEN,2024-05-07 19:54:21,0.14510865871474854
TKFEN,2024-05-13 20:19:42,0.15672203347016778
TKFEN,2024-05-13 20:27:29,0.17333751780715123
TKFEN,2024-05-13 22:16:39,0.21677036402273653
TKFEN,2024-05-13 22:16:57,0.18210825558727683
TKFEN,2024-05-14 15:55:06,0.17603956241882468
TKFEN,2024-05-14 17:09:05,0.16251810553669155
TKFEN,2024-05-21 11:08:34,0.1952330881562534
TKFEN,2024-05-21 22:17:08,0.1446189620285493
TKFEN,2024-05-28 16:41:12,0.14480289758335607
TKFEN,2024-05-31 15:28:44,0.19136594489073455
TKFEN,2024-06-10 05:27:29,0.14259000944938394
TKFEN,2024-06-13 21:58:47,0.18097971118425749
TKFEN,2024-06-13 21:59:03,0.1612557979829985
TKFEN,2024-06-13 21:59:16,0.14283571108059034
TKFEN,2024-06-13 22:03:40,0.2071041330570802
TKFEN,2024-06-24 22:43:24,0.1847088760088309
TKFEN,2024-06-27 14:14:30,0.1981017491732684
TKFEN,2024-06-28 07:40:42,0.14256543050108206
TKFEN,2024-07-01 18:47:28,0.2010752857073047
TKFEN,2024-07-12 18:58:07,0.1411136550955321
TKFEN,2024-07-25 21:26:55,0.14017460174960317
TKFEN,2024-08-02 15:45:10,0.19846676542221497
TKFEN,2024-08-06 17:54:29,0.19717858842182623
TKFEN,2024-08-06 22:28:37,0.14137068534296637
TKFEN,2024-08-08 19:10:22,0.21646319234524958
TKFEN,2024-08-09 16:27:51,0.1967776805271546
TKFEN,2024-08-12 16:59:35,0.1955140719375179
TKFEN,2024-08-12 19:05:32,0.14103609116225146
TKFEN,2024-09-02 08:12:18,0.25755156594868245
TKFEN,2024-09-11 09:10:43,0.22787090879352867
TKFEN,2024-09-11 10:51:00,0.19543392686439565
TKFEN,2024-09-11 14:02:50,0.15546339895161343
TKFEN,2024-09-11 21:59:32,0.1401235117478623
TKFEN,2024-09-20 18:17:18,0.27788061022455324
TKFEN,2024-09-20 19:26:36,0.2000829127717637
TKFEN,2024-09-26 23:57:42,0.1627330974640515
TKFEN,2024-09-26 23:58:04,0.1773135836214882
TKFEN,2024-09-26 23:58:15,0.1370257342093446
TKFEN,2024-09-27 11:21:54,0.19697970277598065
TKFEN,2024-09-27 19:01:12,0.13944100720968788
TKFEN,2024-09-30 15:25:35,0.1962051961234329
TKFEN,2024-09-30 21:16:20,0.13899662355684617
TKFEN,2024-10-01 12:51:41,0.19543209801232286
TKFEN,2024-10-01 14:48:47,0.1745426511173893
TKFEN,2024-10-02 17:22:58,0.19462292503454992
TKFEN,2024-10-04 15:44:02,0.20575111556240677
TKFEN,2024-10-04 16:27:33,0.21320002936282656
TKFEN,2024-10-10 22:13:44,0.1366467104087754
TKFEN,2024-10-11 18:33:52,0.13748993420338018
TKFEN,2024-10-14 09:01:00,0.16111291944424355
TKFEN,2024-10-14 09:02:22,0.16958135766433324
TKFEN,2024-10-14 18:40:06,0.13440205164464336
TKFEN,2024-10-15 08:59:28,0.15775053945559103
TKFEN,2024-10-15 09:01:11,0.15921582106286625
TKFEN,2024-10-15 09:47:18,0.20629560843053185
TKFEN,2024-10-15 18:30:13,0.13585005268033135
TKFEN,2024-10-16 09:08:09,0.15863716759894442
TKFEN,2024-10-16 09:09:11,0.15611408633618962
TKFEN,2024-10-16 17:16:07,0.15356185175703962
TKFEN,2024-10-16 17:23:53,0.1560296501548275
TKFEN,2024-10-16 18:30:33,0.1345070958997523
TKFEN,2024-10-17 17:57:49,0.15433248679148115
TKFEN,2024-10-17 18:02:13,0.15112225375297172
TKFEN,2024-10-17 18:20:01,0.1333127663900765
TKFEN,2024-10-17 18:23:49,0.18505472083077545
TKFEN,2024-10-18 16:22:44,0.15039815156239378
TKFEN,2024-10-18 16:27:17,0.15160640182486862
TKFEN,2024-10-18 19:26:56,0.1298565393195803
TKFEN,2024-10-21 19:37:40,0.12889799689828374
TKFEN,2024-10-22 19:17:26,0.13004747830989927
TKFEN,2024-10-23 20:29:37,0.12965310781336126
TKFEN,2024-10-24 21:56:45,0.12836614747316333
TKFEN,2024-10-27 20:08:21,0.12842059237544612
TKFEN,2024-10-31 06:12:43,0.12480256036780235
TKFEN,2024-10-31 20:11:31,0.12530478452407645
TKFEN,2024-11-01 18:24:15,0.12569836754515895
TKFEN,2024-11-05 00:03:10,0.12604439764687903
TKFEN,2024-11-05 21:57:50,0.12390721161280605
TKFEN,2024-11-06 22:51:34,0.12451013684998347
TKFEN,2024-11-07 20:31:14,0.1787372483558176
TKFEN,2024-11-07 20:31:38,0.15915768856041346
TKFEN,2024-11-07 20:32:34,0.1407881716054611
TKFEN,2024-11-08 21:11:09,0.1237463621618935
TKFEN,2024-11-12 19:31:56,0.12214269228080865
TKFEN,2024-11-13 18:34:30,0.12132754388590783
TKFEN,2024-11-14 19:25:13,0.12082942887957737
TKFEN,2024-11-15 23:26:41,0.11899796749418534
TKFEN,2024-11-18 20:55:50,0.11955871926082862
TKFEN,2024-11-19 21:34:33,0.1191203043557647
TKFEN,2024-11-20 23:04:49,0.1184146026920645
TKFEN,2024-11-21 20:20:49,0.11784630082436776
TKFEN,2024-11-22 20:42:44,0.11719556050066349
TKFEN,2024-11-25 16:01:20,0.21159322086169052
TKFEN,2024-11-26 07:02:46,0.11676395725139632
TKFEN,2024-11-26 23:45:24,0.11592470262203447
TKFEN,2024-11-27 21:50:24,0.1146779164410594
TKFEN,2024-11-28 18:31:26,0.11415031792860508
TKFEN,2024-12-02 18:30:49,0.13759431068858152
TKFEN,2024-12-03 22:40:20,0.11267008704687353
TKFEN,2024-12-04 14:54:07,0.21313825679056264
TKFEN,2024-12-04 15:24:13,0.2126160567961206
TKFEN,2024-12-04 22:40:58,0.11310052479005461
TKFEN,2024-12-05 21:57:44,0.130250463876185
TKFEN,2024-12-05 22:13:28,0.11200677206955012
TKFEN,2024-12-07 06:35:39,0.10966557524717457
TKFEN,2024-12-09 23:12:43,0.11057861882102937
TKFEN,2024-12-11 00:53:40,0.10930910500565982
TKFEN,2024-12-11 18:48:43,0.10926466652549793
TKFEN,2024-12-11 18:49:26,0.1879650167643807
TKFEN,2024-12-12 23:02:23,0.10862487740250637
TKFEN,2024-12-16 23:56:39,0.1063996445675115
TKFEN,2024-12-17 23:15:07,0.10734891261645707
TKFEN,2024-12-18 22:24:00,0.10673241826471191
TKFEN,2024-12-19 20:14:37,0.10739652327478866
TKFEN,2024-12-20 18:20:24,0.29387421451560747
TKFEN,2024-12-20 22:41:53,0.10456468431908839
TKFEN,2024-12-20 22:51:17,0.14745173303906667
TKFEN,2024-12-23 23:00:18,0.10644549547691573
TKFEN,2024-12-24 17:32:22,0.28295156640496844
TKFEN,2024-12-24 22:45:01,0.1049556502192901
TKFEN,2024-12-25 23:41:07,0.10315023883863517
TKFEN,2024-12-26 16:59:39,0.2901897302079416
TKFEN,2024-12-26 17:11:27,0.2200432182149793
TKFEN,2024-12-26 21:30:43,0.10494487413115394
TKFEN,2024-12-29 22:58:23,0.10363412926872251
TKFEN,2024-12-30 21:59:10,0.10193806639468483
TKFEN,2025-01-01 21:54:08,0.10437838433292024
TKFEN,2025-01-02 11:33:19,0.22044908831252763
TKFEN,2025-01-02 21:44:39,0.12397957208450883
TKFEN,2025-01-02 22:05:27,0.10302793891192041
TKFEN,2025-01-03 09:47:48,0.23253677727744326
TKFEN,2025-01-05 21:08:22,0.10316851782712377
TKFEN,2025-01-06 23:06:40,0.1013132554358308
TKFEN,2025-01-07 22:45:19,0.10168050543948937
TKFEN,2025-01-09 00:03:08,0.10153859872503879
TKFEN,2025-01-09 19:34:26,0.10042530500258273
TKFEN,2025-01-10 18:18:05,0.09997510189119652
TKFEN,2025-01-13 17:16:25,0.2224826904077395
TKFEN,2025-01-13 21:10:32,0.09987080517265834
TKFEN,2025-01-14 19:39:42,0.09960628360247936
TKFEN,2025-01-15 22:58:17,0.09835333211267105
TKFEN,2025-01-17 00:18:54,0.09788442082216675
TKFEN,2025-01-17 23:34:09,0.09715791694845177
TKFEN,2025-01-20 22:56:13,0.0968082359344189
TKFEN,2025-01-21 21:29:09,0.0965981503144715
TKFEN,2025-01-23 07:44:24,0.0964676686169248
TKFEN,2025-01-23 19:28:59,0.09637681153393629
TKFEN,2025-01-26 22:55:18,0.09498278874954003
TKFEN,2025-01-27 21:17:37,0.0948115940357408
TKFEN,2025-01-28 19:41:09,0.0940588540240308
TKFEN,2025-01-29 18:37:04,0.0936810518777016
TKFEN,2025-01-30 23:58:57,0.09344154946353112
TKFEN,2025-01-31 22:30:40,0.09251353639167315
TKFEN,2025-02-02 22:04:40,0.09375046711610158
TKFEN,2025-02-05 13:34:21,0.22722557329231874
TKFEN,2025-02-05 18:10:46,0.25259016697365966
TKFEN,2025-02-10 09:11:59,0.22708630843006905
TKFEN,2025-02-26 07:17:07,0.2457856278750139
TKFEN,2025-03-07 04:38:48,0.17745512161258015
TKFEN,2025-03-07 04:39:23,0.1952296671474678
TKFEN,2025-03-07 04:40:13,0.1406250300067795
TKFEN,2025-03-07 04:43:33,0.1746214933843233
TKFEN,2025-03-07 04:44:32,0.13969425952461378
TKFEN,2025-03-07 04:44:59,0.1492708415655848
TKFEN,2025-03-10 16:24:06,0.1938611829027811
TKFEN,2025-03-10 16:54:18,0.1623494128767493
TKFEN,2025-03-11 09:12:31,0.23022736578996006
TKFEN,2025-03-11 10:47:07,0.20760911015908723
TKFEN,2025-03-12 08:49:04,0.14687306201301076
TKFEN,2025-03-12 08:55:47,0.17322065555626187
TKFEN,2025-03-12 09:01:35,0.23260257738588597
TKFEN,2025-03-12 10:01:26,0.22961761604315867
TKFEN,2025-03-20 09:07:25,0.17535271144569253
TKFEN,2025-03-21 19:34:05,0.2884000187035778
TKFEN,2025-03-25 10:21:10,0.22893539865842327
TKFEN,2025-03-27 09:27:58,0.1686625083114448
TKFEN,2025-04-02 08:51:16,0.17413588077113373
TKFEN,2025-04-02 15:51:22,0.2284357281668643
TKFEN,2025-04-02 16:11:30,0.22744842546011446
TKFEN,2025-04-03 09:04:41,0.22056343654814103
TKFEN,2025-04-04 08:45:02,0.20189900404704297
TKFEN,2025-04-04 16:14:15,0.1915138872081975
TKFEN,2025-04-07 16:06:36,0.1976941882312364
TKFEN,2025-04-08 12:32:34,0.22722130679665398
TKFEN,2025-04-08 14:07:00,0.24682960501373652
TKFEN,2025-04-09 10:01:07,0.22626260771106566
TKFEN,2025-04-09 10:59:03,0.19165227179930688
TKFEN,2025-04-09 17:57:23,0.22548736064470887
TKFEN,2025-04-10 14:44:32,0.19612327063841062
TKFEN,2025-04-15 17:49:29,0.22476073136984143
TKFEN,2025-04-24 16:53:18,0.2238091879315569
TKFEN,2025-04-25 16:20:55,0.2228629187971114
TKFEN,2025-04-30 16:58:13,0.1913245740363314
TKFEN,2025-04-30 20:26:24,0.16019338974630726
TKFEN,2025-05-02 08:20:21,0.14187678664074255
TKFEN,2025-05-02 17:54:38,0.15873073333900511
TKFEN,2025-05-05 10:43:34,0.2228550243898667
TKFEN,2025-05-05 18:09:41,0.18870945623877589
TKFEN,2025-05-06 09:07:28,0.23227879132168427
TKFEN,2025-05-06 17:31:58,0.22233189084792837
TKFEN,2025-05-07 09:19:19,0.23043501981717718
TKFEN,2025-05-07 11:57:40,0.1879057918172301
TKFEN,2025-05-07 16:51:19,0.2217519933712615
TKFEN,2025-05-07 21:36:14,0.14451870653295895
TKFEN,2025-05-08 19:11:36,0.222794256182278
TKFEN,2025-05-08 21:37:07,0.18640374487329625
TKFEN,2025-05-08 21:37:41,0.1455664283300644
TKFEN,2025-05-08 21:38:50,0.15897534902389643
TKFEN,2025-05-09 09:12:31,0.20959598168597282
TKFEN,2025-05-22 13:18:07,0.24535044974813747
TKFEN,2025-05-23 16:57:33,0.16491829670920677
TKFEN,2025-05-23 17:59:52,0.14310938320525224
TKFEN,2025-05-26 19:36:15,0.13305750983251374
TKFEN,2025-05-26 19:36:33,0.20544679622908768
TKFEN,2025-05-26 19:37:10,0.14650128218101965
TKFEN,2025-06-02 18:57:34,0.20957738690479089
TKFEN,2025-06-05 09:07:38,0.16703129754975388
TKFEN,2025-06-05 09:15:42,0.2155325513176376
TKFEN,2025-06-11 11:50:52,0.23448222880668557
TKFEN,2025-06-16 20:39:51,0.1724094078861962
TKFEN,2025-06-17 09:08:59,0.18590057264316073
TKFEN,2025-06-17 21:09:36,0.14936418424310605
TKFEN,2025-06-17 21:52:42,0.1584024963960271
TKFEN,2025-06-18 15:04:29,0.2251082425358335
TKFEN,2025-06-20 16:41:57,0.26574349022734056
TKFEN,2025-06-20 17:08:43,0.1530583113289492
TKFEN,2025-06-20 19:40:45,0.28772458885988184
TKFEN,2025-06-24 17:50:40,0.22463070705221222
TKFEN,2025-06-25 09:10:00,0.2304006208867726
TKFEN,2025-06-26 16:54:47,0.1858929777046986
TKFEN,2025-06-27 17:59:49,0.22414206840680317
TKFEN,2025-06-27 18:13:11,0.16276051652102297
TKFEN,2025-06-30 08:54:59,0.18359737034574963
TKFEN,2025-06-30 18:01:53,0.1832277628488279
TKFEN,2025-07-01 12:20:19,0.2546235556461447
TKFEN,2025-07-09 17:25:06,0.1654933378839869
TKFEN,2025-07-21 09:33:45,0.1440495865691438
TKFEN,2025-08-19 18:35:56,0.21902597371038257
TKFEN,2025-09-02 15:55:37,0.22454373438175468
TKFEN,2025-09-05 15:24:50,0.2514463485823083
TKFEN,2025-09-11 10:22:00,0.1972752098425411
TKFEN,2025-09-11 18:56:09,0.19312478230110686
TKFEN,2025-09-12 10:12:41,0.22429009166789637
TKFEN,2025-09-12 12:54:45,0.19187017561753916
TKFEN,2025-09-12 19:06:12,0.2654116975380687
TKFEN,2025-09-23 22:01:51,0.1993935551584014
TKFEN,2025-09-23 22:02:42,0.19881793151801697
TKFEN,2025-09-25 16:44:36,0.2241932575480724
TKFEN,2025-09-26 19:05:37,0.28866665164336336
TKFEN,2025-09-30 13:36:12,0.22332977396621168
TKFEN,2025-09-30 14:21:24,0.2224807709126292
TKFEN,2025-10-03 17:03:33,0.14091294473661609
TKFEN,2025-10-03 19:38:03,0.17835709137901912
TKFEN,2025-10-06 09:11:41,0.21201534775646858
TKFEN,2025-10-09 08:58:08,0.18629129524232346
TKFEN,2025-10-09 18:56:00,0.20390302072469957
TKFEN,2025-10-09 18:56:34,0.25099594266058367
TKFEN,2025-10-14 12:21:39,0.25496456555326574
TKFEN,2025-10-14 17:43:48,0.23304071163443085
TKFEN,2025-10-17 17:25:06,0.1605344972835363
TKFEN,2025-11-07 10:29:22,0.22336298878712957
TKFEN,2025-11-10 19:14:10,0.2672924515358768
TKFEN,2025-11-11 15:33:29,0.22271210194661406
TKFEN,2025-11-14 23:58:02,0.18995260861914076
TKFEN,2025-11-14 23:58:27,0.16323374018709502
TKFEN,2025-11-14 23:58:46,0.13785913917044557
TKFEN,2025-11-18 18:11:19,0.15479342932484808
TKFEN,2025-11-24 09:55:04,0.17324997133647213
TKFEN,2025-11-25 18:16:20,0.15016433037575383
